id;uuid
77f1779f-a08b-4c5a-8526-948a914041cc;77f1779f-a08b-4c5a-8526-948a914041cc
e2b053fa-b20e-479d-bcd9-50879ab1e497;e2b053fa-b20e-479d-bcd9-50879ab1e497
201f3f6a-87a8-4255-a570-a26fe8d69334;201f3f6a-87a8-4255-a570-a26fe8d69334
9a029423-e69e-46e1-9e0a-9e0b86ee9d74;9a029423-e69e-46e1-9e0a-9e0b86ee9d74
d7bcdaa5-3692-4955-9b73-2e6f6eec7774;d7bcdaa5-3692-4955-9b73-2e6f6eec7774
e87513a1-7b2f-4ebc-bb53-4974f7f019ab;e87513a1-7b2f-4ebc-bb53-4974f7f019ab
99889e85-5c53-4338-a6f8-e75442fce783;99889e85-5c53-4338-a6f8-e75442fce783
048449a5-1176-442a-bfca-afb99a53a216;048449a5-1176-442a-bfca-afb99a53a216
85f7a652-c65d-4186-888f-bcd16e24534a;85f7a652-c65d-4186-888f-bcd16e24534a
c7d1845f-a20b-4695-87cf-a8e55657e428;c7d1845f-a20b-4695-87cf-a8e55657e428
